T,Efficiency,AvgError
10,0.98,0.00628078
50,0.99,0.00737277
100,0.98,0.00580103
200,0.99,0.0091045
500,1,0.00413945
